{"cameraMode":{"drawMode":0,"name":"Shaded","section":"Shading Mode"},"sceneLighting":false,"audioPlay":false,"sceneViewState":{"m_AlwaysRefresh":false,"showFog":true,"showSkybox":false,"showFlares":true,"showImageEffects":true,"showParticleSystems":true,"showVisualEffectGraphs":true,"m_FxEnabled":true},"in2DMode":false,"pivot":{"x":-2.567106246948242,"y":0.5512384176254273,"z":-0.5398394465446472},"rotation":{"x":-0.052398912608623508,"y":-0.12044117599725723,"z":0.006369481794536114,"w":-0.9913219809532166},"size":2.047377109527588,"orthographic":true}