{"cameraMode":{"drawMode":0,"name":"Shaded","section":"Shading Mode"},"sceneLighting":true,"audioPlay":false,"sceneViewState":{"m_AlwaysRefresh":false,"showFog":true,"showSkybox":true,"showFlares":true,"showImageEffects":true,"showParticleSystems":true,"showVisualEffectGraphs":true,"m_FxEnabled":true},"in2DMode":false,"pivot":{"x":15.920000076293946,"y":0.9549503326416016,"z":-0.6775655746459961},"rotation":{"x":-0.052398912608623508,"y":-0.12044117599725723,"z":0.006369481794536114,"w":-0.9913219809532166},"size":1.8537828922271729,"orthographic":true}