{"cameraMode":{"drawMode":0,"name":"Shaded","section":"Shading Mode"},"sceneLighting":true,"audioPlay":false,"sceneViewState":{"m_AlwaysRefresh":false,"showFog":true,"showSkybox":true,"showFlares":true,"showImageEffects":true,"showParticleSystems":true,"showVisualEffectGraphs":true,"m_FxEnabled":true},"in2DMode":false,"pivot":{"x":39.88365936279297,"y":1.2632548809051514,"z":0.0000017881393432617188},"rotation":{"x":0.000006493221007985994,"y":0.9999895691871643,"z":-0.0018089675577357412,"w":0.004804099909961224},"size":2.5045454502105715,"orthographic":true}