{"cameraMode":{"drawMode":0,"name":"Shaded","section":"Shading Mode"},"sceneLighting":true,"audioPlay":false,"sceneViewState":{"m_AlwaysRefresh":false,"showFog":true,"showSkybox":true,"showFlares":true,"showImageEffects":true,"showParticleSystems":true,"showVisualEffectGraphs":true,"m_FxEnabled":true},"in2DMode":false,"pivot":{"x":25.007787704467775,"y":10.422889709472657,"z":7.103401184082031},"rotation":{"x":-0.1316017508506775,"y":-0.06923580914735794,"z":0.00921599194407463,"w":-0.9888431429862976},"size":16.753307342529298,"orthographic":true}