{"cameraMode":{"drawMode":0,"name":"Shaded","section":"Shading Mode"},"sceneLighting":false,"audioPlay":false,"sceneViewState":{"m_AlwaysRefresh":false,"showFog":true,"showSkybox":false,"showFlares":true,"showImageEffects":true,"showParticleSystems":true,"showVisualEffectGraphs":true,"m_FxEnabled":true},"in2DMode":false,"pivot":{"x":34.09661865234375,"y":1.1241272687911988,"z":-0.8423031568527222},"rotation":{"x":0.06334864348173142,"y":-0.9259547591209412,"z":0.18000082671642304,"w":0.32587671279907229},"size":1.9768872261047364,"orthographic":true}